1,Teagan,Sampson
2,Giovanna,Ibarra
3,Hana,Webster,
4,Alejandro,Riddle,
5,Emmalee,Hull,
6,Carolyn,Fox,
7,Ayla,Kent,
8,Nathan,Poole,
9,Judith,Wheeler,
10,Chelsea,Oliver,
11,Donte,Mcdonald,
12,Immanuel,Finley,
13,Carlie,Cabrera,
14,Shyann,Downs,
15,Quinten,Rodgers,
16,Nataly,Fuentes,
17,Mara,Mercer,
18,Jovany,Ingram,
19,Raymond,Blackwell,
20,Javion,Santos,
21,Roger,Jenkins,
22,James,Becker,
23,Janiah,Hubbard,
24,Quinn,Glenn,
25,Elias,Snow,
26,Mathew,Hart,
27,Phillip,Roberson,
28,Alexandra,Miller,
29,Martin,Murillo,
30,Belinda,Harris,
31,Esperanza,Fisher,
32,Mohammed,Bennett,
33,Kane,Horn,
34,Graham,Herman,
35,Kaley,Wood,
36,Cade,Lindsey,
37,Bronson,Conrad,
38,Gabriel,Flowers,
39,Fisher,Sandoval,
40,Elliot,Mercado,
41,Nora,Bolton,
42,Leah,Kim,
43,Marc,Crawford,
44,Mariana,Velasquez,
45,Areli,Sloan,
46,Davian,Landry,
47,Rosemary,Edwards,
48,Dylan,Schaefer,
49,Kayden,Gill,
50,Izabella,Mooney,
51,William,Floyd,
52,Larry,Johnston,
53,Lizbeth,Bowers,
54,Kylie,Mckay,
55,Abel,Decker,
56,Bridget,Bernard,
57,Viviana,Haney,
58,Katie,Gould,
59,Milo,Wilcox,
60,Aliya,Barrera,
61,Ernesto,Carlson,
62,Lee,Mathews,
63,Audrina,Graham,
64,Camille,Myers,
65,Harold,Bullock,
66,Macy,Mooney,
67,Amaya,Hayden,
68,Weston,Holden,
69,Franco,Oconnell,
70,Ross,Richard,
71,Itzel,Horne,
72,Nathan,Frank,
73,Jamie,Moore,
74,Marlie,Vasquez,
75,Anabel,Waters,
76,Vance,Mccormick,
77,Gunner,Franco,
78,Orlando,Leon,
79,Maxim,Shepherd,
80,Dulce,Fleming,
81,Alexis,Chung,
82,Jaylene,Mooney,
83,Vincent,Santos,
84,Talia,Kemp,
85,Lorena,Nielsen,
86,Kaeden,Mclaughlin,
87,Serena,Cardenas,
88,Scott,Jordan,
89,Liliana,Holden,
90,Jamison,Kaufman,
91,Johan,Gill,
92,Jabari,Dougherty,
93,Elias,Mathis,
94,Phoebe,Delgado,
95,Jaida,Keith,
96,Kaley,Berger,
97,Sadie,Michael,
98,Emery,Clarke,
99,Dayanara,Rice,
100,Gianna,Anderson,
101,Byron,Jennings,
102,Shannon,Warren,
103,Tyson,Suarez,
104,Randall,Vargas,
105,Karson,Rivas,
106,Boston,Morrison,
107,Ramon,Kirby,
108,Laura,Villanueva,
109,Azaria,Lin,
110,Jordan,Madden,
111,Ayden,Roberts,
112,Tate,Parker,
113,Carly,Conrad,
114,Angela,Short,
115,Alan,Carroll,
116,Laila,Carney,
117,Nelson,Clayton,
118,Tomas,Gray,
119,Faith,Barr,
120,Bradyn,Compton,
121,Jacquelyn,Stevens,
122,Isabel,Johns,
123,Jeremiah,Parsons,
124,Hope,Webb,
125,Rubi,Maynard,
126,Kaydence,Glover,
127,Keith,Stevenson,
128,Isaac,Cline,
129,Cassandra,Hudson,
130,Solomon,Freeman,
131,Cecilia,Marsh,
132,Albert,Singh,
133,Jacob,Goodwin,
134,Jaslyn,Rivas,
135,Angeline,Chapman,
136,Emely,Weber,
137,Cael,Booker,
138,Laney,Howe,
139,Leslie,Costa,
140,Ernesto,Frost,
141,Landen,Marquez,
142,Elisabeth,Donovan,
143,Kasey,Saunders,
144,Melvin,Oconnor,
145,Mathew,Foster,
146,Jazlene,Dean,
147,Rolando,Farrell,
148,Jaylen,Brewer,
149,Sofia,Braun,
150,Greyson,Santos,
151,Harper,Murillo,
152,Alaina,Velazquez,
153,Iyana,Weber,
154,Lila,Rivas,
155,Isaac,Cardenas,
156,Payton,Berger,
157,Daphne,Jensen,
158,Zackery,Gomez,
159,Yasmine,Rivas,
160,Leon,Wilkins,
161,Alana,Hawkins,
162,Tara,Pope,
163,Samir,Mayer,
164,Laurel,Howe,
165,Chaim,Anthony,
166,Stacy,Summers,
167,Martha,Bradshaw,
168,Arturo,Lynch,
169,Mollie,Tanner,
170,Kassidy,Chang,
171,Davion,Barry,
172,Vicente,Wagner,
173,Emerson,Luna,
174,Kai,Barajas,
175,Jamarion,Wallace,
176,Lizeth,Diaz,
177,Athena,Fleming,
178,Madelyn,Vance,
179,Shawn,Spencer,
180,Kaya,Cox,
181,Princess,Murray,
182,Nathaly,Giles,
183,Lillianna,Nunez,
184,Skylar,Costa,
185,Mathew,Berg,
186,Marcel,Swanson,
187,Maria,Hess,
188,Kade,Shannon,
189,Ishaan,Leon,
190,Jasper,Barber,
191,Lyla,Mejia,
192,Aarav,Holder,
193,Felicity,Valencia,
194,Ronan,Ellison,
195,Kasen,Richards,
196,Ariel,Herring,
197,Pedro,Richard,
198,Chaim,Cole,
199,Nikhil,Wiggins,
200,Destinee,Armstrong,
201,Amelia,Dorsey,
202,Kaylynn,Mcconnell,
203,Brooke,Johns,
204,Laney,Joyce,
205,Ryland,Shaw,
206,Brielle,Bowers,
207,Rory,Jones,
208,Brendan,Hendricks,
209,Jaslyn,Hardy,
210,Kaleigh,French,
211,Cara,Acevedo,
212,Aiyana,Washington,
213,Caitlin,Patrick,
214,Lance,Gallagher,
215,Cristal,Haynes,
216,Micaela,Love,
217,Riya,Holland,
218,Damon,Dickson,
219,Aarav,Cohen,
220,Nickolas,Mcgee,
221,Nathaniel,Knapp,
222,Rolando,Wang,
223,Maria,Townsend,
224,Rebecca,Dillon,
225,Terrell,West,
226,Shannon,Woodard,
227,Jameson,Stout,
228,Branson,Richard,
229,Aryanna,Wagner,
230,Joanna,Montoya,
231,Oscar,Chambers,
232,Danielle,Kemp,
233,Julio,Mack,
234,Saige,Bonilla,
235,Alaina,Roberson,
236,Krish,Webster,
237,Luciana,Marsh,
238,Barbara,Graves,
239,Fernando,Tate,
240,Rex,Dawson,
241,Kasen,Ayala,
242,Heidi,Hendrix,
243,Nyla,Hanna,
244,Andrea,Brewer,
245,Annalise,Fitzpatrick,
246,Alana,Lynn,
247,Alani,Nolan,
248,Dominique,Williamson,
249,Eden,Sutton,
250,Alexis,Sims,
251,Terrell,Gordon,
252,Carleigh,Holder,
253,Cali,Gibbs,
254,Aileen,Rose,
255,Darren,Acevedo,
256,Julio,Goodman,
257,Gary,Roy,
258,Abbigail,Levy,
259,Porter,Cooper,
260,Samir,Burch,
261,Jacob,Mcintosh,
262,Karla,Singh,
263,Rylee,Pierce,
264,Terrance,Bonilla,
265,Solomon,Le,
266,Joanna,Green,
267,Lamar,Tanner,
268,Ari,Ross,
269,Adyson,Bruce,
270,Tess,Stanton,
271,Alana,Mills,
272,Brisa,Beard,
273,Gary,Erickson,
274,Dayana,Wood,
275,Lola,Lester,
276,Kaydence,Irwin,
277,Mariyah,Oconnor,
278,Mira,Bridges,
279,Stephen,Rowland,
280,Jason,Roy,
281,Aleena,Chang,
282,Caleb,Roberts,
283,Tess,Vincent,
284,Jazmine,Hart,
285,Katelyn,Aguirre,
286,Laci,Cortez,
287,Devin,Garza,
288,Rudy,Franco,
289,Darnell,Gilmore,
290,Giuliana,Hernandez,
291,Sammy,Christian,
292,Branden,Parker,
293,Kamari,Donaldson,
294,Maximo,Velez,
295,Lawrence,Reilly,
296,Mitchell,Horne,
297,Taniya,Barnett,
298,Davin,Li,
299,Adan,Le,
300,Owen,Kemp,
301,Shannon,Joyce,
302,Marley,Shelton,
303,Giovanny,Gray,
304,Aniyah,Woodard,
305,Sullivan,Padilla,
306,Julian,Baird,
307,Sydnee,Norton,
308,Amelia,Roman,
309,Chasity,Lowe,
310,Areli,Solomon,
311,Matilda,Maynard,
312,Emmett,Hayden,
313,Wendy,Reed,
314,Joselyn,Barker,
315,Cornelius,Barker,
316,Tanner,Barrett,
317,Frida,Weiss,
318,Livia,Mooney,
319,Hailie,Webb,
320,Will,Thomas,
321,Aliana,Rosales,
322,Patience,Burgess,
323,Kaia,Mcmahon,
324,Roman,Diaz,
325,Nico,Griffin,
326,Sage,Walsh,
327,Malia,Taylor,
328,Johan,Scott,
329,Eliezer,Frye,
330,Mariela,Obrien,
331,German,Blake,
332,Devyn,Davenport,
333,Adelaide,Hinton,
334,Marisol,Gibson,
335,Korbin,Larson,
336,Salvatore,Gregory,
337,Angela,Wolfe,
338,Janae,Mckinney,
339,Nora,Mcgee,
340,Haleigh,Mccormick,
341,Dane,Caldwell,
342,Nina,Erickson,
343,Trent,Gibbs,
344,Maeve,Harris,
345,Kristopher,Grant,
346,Jarrett,Montgomery,
347,Abraham,Fuller,
348,Rishi,Mckee,
349,Caden,Mcgrath,
350,Kadin,Washington,
351,Jamya,Lowe,
352,Keith,Walls,
353,Trey,Gentry,
354,Anabel,Middleton,
355,Jesus,Woodard,
356,Cassidy,Jennings,
357,Brooklyn,Mueller,
358,Chanel,Gould,
359,Magdalena,Cain,
360,Ana,Snow,
361,Ashleigh,Mooney,
362,Dwayne,Carter,
363,Laylah,Carpenter,
364,Corbin,Newman,
365,Madeline,Stone,
366,Madyson,House,
367,Alyson,Ramos,
368,Emilia,Lyons,
369,Aliyah,Maddox,
370,Ross,Clements,
371,Lara,Barajas,
372,Erick,Alvarado,
373,Elliott,Sullivan,
374,Bianca,Wise,
375,Krish,Collier,
376,Luke,Francis,
377,Madilyn,Kidd,
378,Tyshawn,Fowler,
379,Lydia,Winters,
380,Selina,Bryan,
381,Alessandra,Fuller,
382,Marcel,Brady,
383,Chace,Wilkinson,
384,Jocelyn,Odom,
385,Dillan,Webb,
386,Tristian,Beck,
387,Manuel,Finley,
388,Daniel,Morris,
389,Lesly,Gray,
390,Adriel,Price,
391,Finley,Mcguire,
392,Anahi,Novak,
393,Giancarlo,Stevens,
394,Cordell,Bray,
395,Caden,Blackwell,
396,Carson,Barton,
397,Robert,Ellis,
398,Miriam,West,
399,Derrick,Merritt,
400,Blaze,Warren,
401,Giselle,Hickman,
402,Reuben,Gross,
403,Kaiden,Pham,
404,Brooklynn,Sampson,
405,Daniel,Rush,
406,Jayson,Day,
407,Parker,Levy,
408,Anna,English,
409,Shawn,Mccall,
410,Felipe,Myers,
411,Stacy,Pratt,
412,Rebecca,Hodges,
413,Natasha,Nunez,
414,Asa,Mason,
415,Ayana,Cohen,
416,Iliana,Stone,
417,Eric,Villegas,
418,Lucille,Mckay,
419,Alejandro,Hunt,
420,Shane,Spears,
421,Janiya,Blankenship,
422,Xzavier,Davis,
423,Adriana,Weiss,
424,Ahmed,Crosby,
425,Marcus,Luna,
426,Yadiel,Robinson,
427,Christina,Hatfield,
428,Kyan,Jordan,
429,Sidney,Hansen,
430,Triston,Frank,
431,Andrea,Davenport,
432,Arielle,Harris,
433,Ariel,Stanton,
434,Monique,Richmond,
435,Anabelle,Cordova,
436,Heidi,Herrera,
437,Cory,Goodman,
438,Jason,Schaefer,
439,Brylee,Mcconnell,
440,Alisa,Bradshaw,
441,Cohen,Whitehead,
442,Braydon,Valdez,
443,Jean,Mclean,
444,Darien,Ortiz,
445,Charlotte,Coleman,
446,Camron,Larson,
447,Cash,Mcknight,
448,Miranda,Montes,
449,Seamus,Wilkinson,
450,Jaylene,Gentry,
451,Alma,Booker,
452,Amari,Anderson,
453,Charlie,Carrillo,
454,Melina,Goodwin,
455,Lillian,Dougherty,
456,Mara,Pacheco,
457,Cheyenne,Landry,
458,Athena,Vazquez,
459,Dario,Nash,
460,Audrina,Oconnell,
461,Davion,Graves,
462,Ian,Barajas,
463,Miles,Pacheco,
464,Branden,Tucker,
465,Allen,Craig,
466,Evangeline,Hale,
467,Mattie,Ware,
468,Peter,Combs,
469,Rosemary,Perry,
470,Donte,Frost,
471,Frida,Barry,
472,Sophia,Sherman,
473,Alexus,Huff,
474,Joselyn,Robles,
475,Jaiden,Guerrero,
476,Magdalena,Cross,
477,Hadassah,Webb,
478,Sara,Maxwell,
479,Jeremiah,Sweeney,
480,Thalia,Sherman,
481,Jaslene,Moreno,
482,Eleanor,Lane,
483,Giuliana,Nielsen,
484,Valerie,Knight,
485,Adalynn,Davies,
486,Cristina,Andersen,
487,Christian,Lynch,
488,Moises,Booth,
489,Ashleigh,Gallegos,
490,Ashly,Patton,
491,Brandon,Pierce,
492,Lilliana,Turner,
493,Taliyah,Pham,
494,Casey,Mckay,
495,Axel,French,
496,Chaim,Brewer,
497,Mathew,Becker,
498,Bethany,Branch,
499,Mckinley,Bishop,
500,Mateo,Vaughn,
501,Camden,Mckinney,
502,Leo,Mccall,
503,Jacqueline,Curtis,
504,Hugo,Mason,
505,Jimena,Combs,
506,Roland,Lowery,
507,Paula,Huang,
508,Coleman,Shaw,
509,Elisha,Brock,
510,Asia,Fuller,
511,Ronan,Gonzales,
512,Ulises,Haas,
513,Conrad,Acevedo,
514,Jayla,Campbell,
515,Philip,Dean,
516,Mckinley,Serrano,
517,Fletcher,Booth,
518,Augustus,Hill,
519,Yasmin,Jacobs,
520,Abraham,Brewer,
521,Evie,Buchanan,
522,Addyson,Shah,
523,Riley,Mcclain,
524,Karla,Moss,
525,Shannon,Barr,
526,Jayvion,Gillespie,
527,Paris,House,
528,Matthew,Maddox,
529,Coby,Gross,
530,Nathaniel,Reyes,
531,John,Reese,
532,Paul,Winters,
533,Mckinley,Mccarty,
534,Hailie,Herrera,
535,Ronald,Wang,
536,Jasmine,Shelton,
537,Kenny,Bell,
538,Brielle,Davidson,
539,Colin,Durham,
540,Kelsey,Foster,
541,Kianna,Skinner,
542,Ali,Lang,
543,Teagan,Norman,
544,Shayna,Nolan,
545,Kasen,Valencia,
546,Killian,Hurst,
547,Lance,Fletcher,
548,Jayla,Perkins,
549,Belinda,Waters,
550,Heidi,Rose,
551,Zander,Adkins,
552,Mylee,Franklin,
553,Keith,Oneill,
554,Jamya,Manning,
555,Dominick,Lam,
556,Mohamed,Ho,
557,Julianna,Joyce,
558,Sabrina,Henson,
559,Dominique,Poole,
560,Aliyah,Pratt,
561,Kadin,Bentley,
562,Quentin,Wells,
563,Sariah,Banks,
564,Ivan,Hanna,
565,Tiara,Guerra,
566,Camron,Copeland,
567,Savanna,Sims,
568,Ryder,Patton,
569,Jacqueline,Jensen,
570,Nadia,Davies,
571,Jasmine,Wiggins,
572,Giovani,Strickland,
573,Sadie,Gordon,
574,Miracle,Pineda,
575,Lamar,Snow,
576,Marquise,Stanton,
577,Finley,Calderon,
578,Jermaine,Crosby,
579,Kamryn,Eaton,
580,Ali,Clements,
581,Jaida,Mcclain,
582,Reese,Cline,
583,Joseph,Rollins,
584,Solomon,Bradford,
585,Dean,Davenport,
586,Ireland,Lowery,
587,Cadence,Patterson,
588,Wendy,Wright,
589,Sonny,Bartlett,
590,Lawrence,Mcpherson,
591,Joy,Horne,
592,Reuben,Hardy,
593,Monique,Barnes,
594,Addison,Cobb,
595,Yuliana,Washington,
596,Julian,Kerr,
597,Akira,Huang,
598,Irvin,Eaton,
599,Dylan,Montgomery,
600,Jocelynn,Orozco,
601,Adrien,Camacho,
602,Liam,Kaufman,
603,Ismael,George,
604,Lilian,Holt,
605,Isabell,Norman,
606,Jorden,Roberts,
607,Cornelius,Oneill,
608,Colton,Cantu,
609,Heidi,Harmon,
610,Kaylen,Kidd,
611,Brynlee,Morales,
612,Dale,Dixon,
613,Justice,Welch,
614,Elena,Irwin,
615,Amari,Fernandez,
616,Penelope,Gomez,
617,Makhi,Sparks,
618,Carleigh,Craig,
619,Sullivan,Berger,
620,Alijah,Butler,
621,Alvaro,Haas,
622,Sierra,Cooley,
623,Cannon,Aguirre,
624,Jimena,Wilson,
625,Simeon,Bailey,
626,Marcus,Miller,
627,Billy,Roberson,
628,Melanie,Brady,
629,Zachariah,Holland,
630,Joel,Copeland,
631,Kadin,Ho,
632,Rudy,Guerra,
633,Jasmin,Young,
634,Ibrahim,Liu,
635,Jace,Jennings,
636,Hailee,Jefferson,
637,Omari,Calhoun,
638,Stanley,Li,
639,Ariel,Strong,
640,Deegan,Becker,
641,Isla,Webster,
642,Cordell,Ponce,
643,Alejandro,Donovan,
644,Bailee,Holder,
645,Chance,Hampton,
646,Wayne,Matthews,
647,Rey,Mccullough,
648,Killian,Love,
649,Jerimiah,Walter,
650,Jazlynn,Salas,
651,Destiny,Kelly,
652,Porter,Odom,
653,Mylee,Black,
654,Ariana,Brewer,
655,Jackson,Costa,
656,Johnny,Ferrell,
657,Pablo,Moreno,
658,Devon,Campos,
659,Aracely,Serrano,
660,Zoey,Gilbert,
661,Isaac,Hinton,
662,Brayden,Bush,
663,Aiden,Pace,
664,Raiden,Carroll,
665,Ayaan,Mason,
666,Ace,Wade,
667,Malcolm,Vance,
668,Samara,Fuentes,
669,Keaton,Spence,
670,Kadin,Hicks,
671,April,Copeland,
672,Immanuel,Dickson,
673,Aedan,Reed,
674,Valentina,Pham,
675,Jocelyn,Hardin,
676,Paola,Murray,
677,Piper,Lynch,
678,Roland,Hebert,
679,Aliana,Baker,
680,Franco,Gonzales,
681,Paul,Raymond,
682,Kirsten,Gallegos,
683,Jayla,Calhoun,
684,Jaydan,Turner,
685,Kali,Solis,
686,Jared,Rollins,
687,Jolie,Melton,
688,Alicia,Robertson,
689,Alani,Pierce,
690,Frankie,Lam,
691,Alison,Patton,
692,Corey,Leonard,
693,Camille,Hill,
694,Kadence,Suarez,
695,Jermaine,Hickman,
696,Damaris,Hunter,
697,Raquel,Leblanc,
698,Jase,Dyer,
699,Jaylen,Salazar,
700,Mark,Santos,
701,Ezekiel,Hooper,
702,Rafael,Craig,
703,Mya,Berg,
704,Conor,Hawkins,
705,Regan,Dawson,
706,Alex,Caldwell,
707,Bria,Golden,
708,Zion,Perkins,
709,Lucas,Sullivan,
710,Joslyn,Wilkerson,
711,Jaylen,Frazier,
712,Guillermo,Bryan,
713,Alfred,Price,
714,Rachael,Hopkins,
715,Ray,Mercer,
716,Pierre,Pace,
717,Jensen,Parsons,
718,Rashad,Villegas,
719,Yadira,Turner,
720,Mateo,Vazquez,
721,Dallas,Houston,
722,Brittany,Flynn,
723,Allen,Mckinney,
724,Mckinley,Blevins,
725,Nathanael,Chen,
726,Aedan,Branch,
727,Elizabeth,Meza,
728,Lamont,Mathis,
729,Cornelius,Kelley,
730,Ireland,Conway,
731,Milo,Allison,
732,Porter,Bush,
733,Keon,Foster,
734,Milton,Proctor,
735,Campbell,Goodwin,
736,Nicholas,Garrison,
737,Mathias,Boyer,
738,Emilia,Juarez,
739,Paulina,Davies,
740,,,
741,Madisyn,Price,
742,Stephen,Mann,
743,Beatrice,Acosta,
744,Ann,Padilla,
745,Trinity,Ross,
746,Walker,Wang,
747,Gwendolyn,Leach,
748,Avah,Holt,
749,Donavan,Hendrix,
750,Gerardo,Guerrero,
751,Simeon,Franco,
752,Rishi,Shea,
753,Mario,Scott,
754,Skylar,Mcclure,
755,Clarence,Gilbert,
756,Lawson,Grimes,
757,Conor,Hanson,
758,Yadiel,Wheeler,
759,Paxton,Hansen,
760,Tyshawn,Davidson,
761,Lilianna,Morton,
762,Tania,Le,
763,Evelyn,Hebert,
764,Rodrigo,Turner,
765,Chase,Dyer,
766,Lance,Chaney,
767,Isabella,Kent,
768,Isabela,Martinez,
769,Micheal,Lindsey,
770,Leandro,Singleton,
771,Allisson,Gould,
772,Audrey,Cantu,
773,Avah,Haynes,
774,Braiden,Manning,
775,Jade,Moyer,
776,Sadie,Spence,
777,Kayley,Hoffman,
778,Brianna,Le,
779,Carmen,Mcintyre,
780,Ace,Zimmerman,
781,Bradley,Brown,
782,Kierra,Kramer,
783,Talon,Herring,
784,Bennett,Mckenzie,
785,Jamir,Clark,
786,Emely,Cain,
787,Harold,Ortega,
788,Vance,Daniels,
789,Marin,Hansen,
790,Maya,Stanley,
791,Zackery,Ritter,
792,Kobe,Mccormick,
793,Dahlia,Hopkins,
794,Payton,Stevenson,
795,Nathaniel,Hunter,
796,Valentino,Bauer,
797,Aubree,French,
798,Mariam,Obrien,
799,Isabella,Davila,
800,Anahi,Reyes,
801,Jared,Whitaker,
802,Zachery,Morse,
803,Madalyn,Collins,
804,Saige,Barker,
805,Alexandria,Fry,
806,Emery,Browning,
807,Noel,Burch,
808,Craig,Zavala,
809,Yadiel,Phelps,
810,Tatum,Joseph,
811,Karlie,Benitez,
812,Isabela,Salas,
813,Amiah,Fuentes,
814,Killian,Salas,
815,Zaire,Allen,
816,Zackary,Moyer,
817,Bailey,Schroeder,
818,Cecelia,Mullen,
819,Leonard,Kline,
820,Presley,Vincent,
821,Milagros,Drake,
822,Toby,Mullen,
823,Jackson,Guerrero,
824,Hayden,Velasquez,
825,Kayla,Bray,
826,Blaine,Beasley,
827,Ralph,Oliver,
828,Soren,Perry,
829,Helena,Booth,
830,Bobby,Dickson,
831,Alana,Finley,
832,Yamilet,Conley,
833,Nevaeh,Rosales,
834,Kayden,Kim,
835,Kathleen,Thomas,
836,Cristal,Tanner,
837,Aidan,Malone,
838,Kaya,Banks,
839,Harley,Oconnell,
840,Reagan,Glover,
841,Bobby,Davila,
842,Aisha,Harrell,
843,Averie,Medina,
844,Antony,Pollard,
845,Tyrell,Friedman,
846,Ashleigh,Harmon,
847,Jazlene,Ramos,
848,Alessandro,Ford,
849,Alberto,Phelps,
850,Kristina,Montes,
851,Amanda,Paul,
852,Lyric,Gilmore,
853,Kamora,Haney,
854,Brandon,Palmer,
855,Raul,Olsen,
856,Arjun,Meadows,
857,Allisson,Byrd,
858,Natalee,Park,
859,Rodney,Mueller,
860,Hadassah,Harrington,
861,Messiah,Arroyo,
862,Renee,Mccann,
863,Dalton,Barber,
864,Braydon,Copeland,
865,Carter,Gray,
866,Adelaide,Valentine,
867,Izayah,Porter,
868,Daniela,Wells,
869,London,Baxter,
870,Andres,Joseph,
871,Bella,Gibson,
872,Kiara,Owen,
873,Shamar,Thomas,
874,Juliette,Atkins,
875,Bridget,Daniel,
876,Frankie,Hart,
877,Scarlet,Martin,
878,Levi,Gonzales,
879,Isabella,Perez,
880,Lindsay,Randall,
881,Elaine,Garrett,
882,Alessandra,Shea,
883,Shane,Swanson,
884,Mateo,Burnett,
885,Cruz,Whitehead,
886,Madilynn,Hawkins,
887,Sebastian,Zuniga,
888,Emma,Gibson,
889,Yareli,Davis,
890,Kassandra,Hensley,
891,Kobe,Reynolds,
892,Kelvin,Chandler,
893,Keagan,Mclean,
894,Bailey,Austin,
895,Ann,Crosby,
896,Leslie,Hess,
897,Brandon,Hebert,
898,Juliet,Zavala,
899,Wyatt,Stout,
900,Rashad,Massey,
901,Anya,Mccarthy,
902,Tobias,Nicholson,
903,Beckett,Gardner,
904,Maleah,Luna,
905,Brenda,Simmons,
906,Esther,Middleton,
907,Roman,Potter,
908,Richard,Roman,
909,Brayan,Benitez,
910,Kailyn,Daugherty,
911,Callie,Guzman,
912,Xiomara,Newton,
913,Jennifer,Schultz,
914,Arthur,Cervantes,
915,Kinley,Castaneda,
916,Yasmin,Gray,
917,Daisy,Velazquez,
918,Elias,Simpson,
919,Marcelo,Barnes,
920,Aleah,Travis,
921,Serenity,Acevedo,
922,Damon,Ware,
923,Kaila,Gilbert,
924,Leticia,Cox,
925,Christina,Gordon,
926,Brycen,Howard,
927,Imani,Bruce,
928,Ashanti,Thompson,
929,Julianna,Kennedy,
930,Zion,Hodges,
931,Thomas,Huffman,
932,Finley,Anderson,
933,Ricardo,Sherman,
934,Johan,Mckay,
935,Dayton,Dennis,
936,Elianna,Espinoza,
937,Fabian,Zamora,
938,Fatima,Conner,
939,Christopher,Guzman,
940,Catalina,Santana,
941,Elise,Reilly,
942,America,Castro,
943,Omar,Downs,
944,Ahmed,Bernard,
945,Leila,Yang,
946,Jefferson,Mccann,
947,Reese,Cisneros,
948,Aidan,Harper,
949,Danika,George,
950,Keaton,Ball,
951,Autumn,Cameron,
952,Trent,Foster,
953,Reginald,Robinson,
954,Brogan,Novak,
955,Yosef,Ware,
956,Leila,Huang,
957,Marlie,Skinner,
958,Angelica,Berry,
959,Jace,Liu,
960,Xander,Quinn,
961,Diya,Fowler,
962,Giovani,Blevins,
963,Karlee,Hill,
964,Taniyah,Adkins,
965,Jaxon,Blackburn,
966,Tobias,Manning,
967,Kobe,Gill,
968,Madeline,Gamble,
969,Trevin,Combs,
970,Allyson,Sanders,
971,Colt,Combs,
972,Wyatt,Riggs,
973,Penelope,Beard,
974,Caleb,Petty,
975,Morgan,Mcguire,
976,Adam,Dougherty,
977,Joel,Page,
978,Jamarion,Bolton,
979,Addison,Maynard,
980,Cali,Rodriguez,
981,Eddie,Leblanc,
982,Noe,Booth,
983,Monica,Mcdaniel,
984,Bradley,Huff,
985,Devan,Galloway,
986,Regina,Ayala,
987,Zechariah,Ferrell,
988,Serenity,Sanchez,
989,Adelyn,Perez,
990,Kaiya,Richmond,
991,Brenda,Gutierrez,
992,Ruben,Bullock,
993,Pranav,Evans,
994,Britney,Foster,
995,Allan,Gillespie,
996,Adolfo,Lawson,
997,Zion,Wheeler,
998,Marianna,Vance,
999,Kendrick,Joyce,
1000,Misael,Preston,